Business Name,Country,City,Website,Phone,Email,Profile Link
"MOCA Health",Australia,"Perth",https://www.mocahealth.com.au/,,wellness@mocahealth.com.au,https://strainwise.app/dispensary/b1e7cf48-ec00-4971-96a5-e383d8fcf82d
"Cannadoc Perth",Australia,"Perth",https://cannadoc.com.au/cannadoc-perth-services/,,info@cannadoc.com.au,https://strainwise.app/dispensary/d2fc1bdb-715f-40ed-84ee-1c753fe3f325
"Hampstead Health Adelaide",Australia,"Adelaide",https://hampsteadhealth.com.au/medicinal-cannabis-clinic/,,contact@digitaloneagency.com.au,https://strainwise.app/dispensary/bae4e535-c9c0-43f2-91a0-394a3a4206f2
"Green Life Clinics - Adelaide",Australia,"Adelaide",https://greenlifeclinics.com.au/locations/adelaide/,,enquiries@greenlifeclinics.com.au,https://strainwise.app/dispensary/6d3aac56-fd84-40d0-b89d-b8a290345b9a
"CanniHelp",Australia,"Adelaide",https://cannihelp.com.au/,,info@cannihelp.com.au,https://strainwise.app/dispensary/bf1ca4d5-cdcf-408d-af92-dde09b730e94
"Trueleaf Australia",Australia,"Melbourne",https://www.trueleaf.au/,,dispensary@trueleaf.au,https://strainwise.app/dispensary/b2cf66c5-4f78-4f1d-a94e-be46d8ed446e
"CanniHelp",Australia,"Melbourne",https://cannihelp.com.au/,1800 044 357,info@cannihelp.com.au,https://strainwise.app/dispensary/baa1e6ae-29e0-4a6b-86ba-77495e0cf777
"Cannalink",Australia,"Melbourne",https://www.cannalinkclinic.com.au/,1300 082 368,intl-segmenter@11.7.10,https://strainwise.app/dispensary/0654dda4-9007-42d2-a860-1af22599de1b
"MediGreen Plant-Based Medicine Clinic",Australia,"Melbourne",https://www.medigreenaustralia.com.au/,(03) 9964 0809,info@medigreenaustralia.com.au,https://strainwise.app/dispensary/7226b2df-e42b-417a-ae1c-c9c38128b837
"Folium North Strathfield",Australia,"Sydney",https://folium.health/,(02) 9166 5719,info@folium.health,https://strainwise.app/dispensary/3a173278-2eae-4d1c-a92f-5815d91ac265
"Folium Rose Bay",Australia,"Sydney",https://folium.health/,(02) 9166 5719,info@folium.health,https://strainwise.app/dispensary/ac393af6-5270-4ec4-8d80-9f1f57e3d349
"High St Integrative Medicine Clinic",Australia,"Sydney",https://www.high-st.com.au/,,hi@high-st.com.au,https://strainwise.app/dispensary/abc13784-9386-42a4-984b-5aa7ecc99266
"Trava Health Clinic & Dispensary",Australia,"Sydney",https://www.travahealth.com.au/,,admin@travahealth.com.au,https://strainwise.app/dispensary/0b6ae46e-a9a9-4692-941f-f84b1fb710c5
"Newtown Dispensary",Australia,"Sydney",https://herbly.com.au/pages/newtown-dispensary?srsltid=AfmBOoqtoSlA1scjY3mC_8oUsPNg55JRoFp7hK1AiEL2_Yc3-uJOkbt3,,care@herbly.com.au,https://strainwise.app/dispensary/415c58f4-10b5-4a54-a041-6467a48d2dd0
"PlantMed",Australia,"Brisbane",https://plantmed.net.au/,,info@plantmed.net.au,https://strainwise.app/dispensary/0589870d-8381-4b92-91a2-090a51e95293
"Performance Health Clinic",Australia,"Brisbane",https://www.performancehealthclinic.com.au/clinical-programs/medical-cannabis/,,intersection-observer-polyfill@0.1.0,https://strainwise.app/dispensary/52220dfa-8553-40a6-a385-0dd218361ed0
"CanniHelp",Australia,"Brisbane",https://cannihelp.com.au/,,info@cannihelp.com.au,https://strainwise.app/dispensary/1e67ee70-6d2d-466c-b56f-85a27838ec92
"Rise Dispensary",Australia,"Brisbane",https://risedispensary.com.au/,,info@risedispensary.com.au,https://strainwise.app/dispensary/4fc6a80f-3255-47a1-a02f-199083bebc74
"Green Life Clinics & Dispensary",Australia,"Brisbane",https://greenlifeclinics.com.au/locations/brisbane/,,banner-1@2x.webp,https://strainwise.app/dispensary/fefba746-bc71-40f8-a0cf-98dad14a6fc5
"Myleaf Australia",Australia,"Brisbane",https://myleaf.com.au/,,jquery.marquee@1.6.0,https://strainwise.app/dispensary/4a14558d-895d-4379-89bf-3bbabebf0c48
"Rays Wellness",Australia,"Brisbane",https://rayswellness.com.au/contact-us,1300 798 711,scripts@rayswellness.com.au,https://strainwise.app/dispensary/f952c41d-db27-4e22-9ae3-e45768131033
"Polln",Australia,"Brisbane",https://www.polln.com/,,hello@polln.com,https://strainwise.app/dispensary/5b422d18-a30f-47ad-a559-432ea13058ae
"Gore Street Medical",Australia,"Hobart",https://www.gorestreetmedical.com.au/dispensary,,info@gorestreetmedical.com.au,https://strainwise.app/dispensary/bb9e538c-4fb8-45f2-bebf-430efc0b9190
"Cannabis Doctors Tasmania",Australia,"Hobart",https://cannabisdoctorstasmania.com.au/,,team@latofonts.com,https://strainwise.app/dispensary/b8453f6e-b261-4b7d-87f9-09239f00567b
"Polln",Australia,"Hobart",https://www.polln.com/,,hello@polln.com,https://strainwise.app/dispensary/d1cad484-3e11-4035-920a-4270b9032168
"MedWest Medical Dispensary",Australia,"Darwin",https://www.medwestmedical.com.au/,,admin@medwestmedical.com.au,https://strainwise.app/dispensary/40aec41a-7740-4f0d-a3cb-e055433b0589
"MedWest Medical Dispensary",Australia,"Perth",https://www.medwestmedical.com.au/,,admin@medwestmedical.com.au,https://strainwise.app/dispensary/cdf7a119-8d4a-4454-bf0e-cafefa3f69c5
"MOCA Health",Australia,"Perth",https://www.mocahealth.com.au/,,wellness@mocahealth.com.au,https://strainwise.app/dispensary/600ea7de-cbb9-4840-9c33-c53b54d11717
"Cannalink Clinic",Australia,"Perth",https://www.cannalinkclinic.com.au/,,intl-segmenter@11.7.10,https://strainwise.app/dispensary/006e91bd-267b-44f2-8288-1c62db780671
"MediCann Clinics",Australia,"Perth",https://www.medicannclinics.com.au/,,info@medicannclinics.com.au,https://strainwise.app/dispensary/afe91b08-29d1-4ab6-ae67-20406966355a
"CanniHelp",Australia,"Perth",https://cannihelp.com.au/,,info@cannihelp.com.au,https://strainwise.app/dispensary/5d9f9a50-f889-4fc6-91f7-fd67967e9d20
"Polln",Australia,"Perth",https://www.polln.com/,,hello@polln.com,https://strainwise.app/dispensary/38f12149-1d51-4eb8-8e37-381b0ca4877e
"Urban Greens Collective",Australia,"Sydney",https://urbangreens.com.au/,,info@steadysticks.com,https://strainwise.app/dispensary/ce665148-487f-4589-96fd-7e987cf22456
"Folium Rose Bay",Australia,"Sydney",https://folium.health/,(02) 9166 5719,info@folium.health,https://strainwise.app/dispensary/e6191b04-085d-474d-ab22-a00b4ff1620a
"High St | Integrative Medicine Clinic",Australia,"Sydney",https://www.high-st.com.au/,,hi@high-st.com.au,https://strainwise.app/dispensary/0cf1e37d-fb4e-495c-b295-2466c49a7b29
"MOCA Health",Australia,"Sydney",https://www.mocahealth.com.au/,,wellness@mocahealth.com.au,https://strainwise.app/dispensary/0424e9d0-d4b7-475e-a4cf-146bae0f3412
"Kildare Road Medical Centre - Medicinal Cannabis Clinic",Australia,"Sydney",https://www.kildaremedical.com.au/medicinal-cannabis-clinic/,,admin@kildaremedical.com.au,https://strainwise.app/dispensary/6e39f7c2-99f2-4ffb-b1b1-bfe43b94daac
"Herbly - Alternative Medicine & Patient Dispensary",Australia,"Sydney",https://herbly.com.au/,,care@herbly.com.au,https://strainwise.app/dispensary/f3697725-0924-452f-879c-77761566006f
"IvyMed Clinic",Australia,"Sydney",https://www.ivymedclinic.com.au/,,info@ivymedclinic.com.au,https://strainwise.app/dispensary/776856fb-9871-4d93-aa1c-776b439f9062
"Medicine Flowers (Dispensary)",Australia,"Sydney",https://www.floraedispensary.com/,,info@floraedispensary.com,https://strainwise.app/dispensary/6701db70-f530-4f2a-8fb9-440595479069
"Leichhardt Chemist",Australia,"Sydney",https://leichhardtchemist.au/,,info@leichhardtchemist.com.au,https://strainwise.app/dispensary/26697c27-1039-4a3f-a239-3692ce0dbb8f
"Manly Corso Pharmacy TerryWhite Chemmart",Australia,"Sydney",https://www.manlypharmacy.com.au/dispensary,(02) 9977 2095,intl-segmenter@11.7.10,https://strainwise.app/dispensary/721daf4e-1814-49e3-92f4-29bceda09ad6
"Trueleaf Australia",Australia,"Melbourne",https://www.trueleaf.au/,,dispensary@trueleaf.au,https://strainwise.app/dispensary/a2805e4b-4adb-44e5-97d5-091bcf113586
"CanniHelp",Australia,"Melbourne",https://cannihelp.com.au/,,info@cannihelp.com.au,https://strainwise.app/dispensary/3c1da225-6559-4878-a2e0-f5b1d7ec020e
"MediGreen Plant-Based Medicine Clinic",Australia,"Melbourne",https://www.medigreenaustralia.com.au/,,info@medigreenaustralia.com.au,https://strainwise.app/dispensary/2aa22032-c89d-4d6a-9391-92d6ca8d4595
"CannaFind",Australia,"Melbourne",https://www.cannafind.com.au/,,hello@cannafind.com.au,https://strainwise.app/dispensary/e8ad34ee-f8eb-4855-bac1-040f352d9c2e
"Dr. Shu | Medicinal Cannabis Clinician",Australia,"Melbourne",https://www.drshu.com.au/,,intl-segmenter@11.7.10,https://strainwise.app/dispensary/26c73ec1-e49e-4b65-9b4a-6ed29f5f8536
"CanniHelp",Australia,"Brisbane",https://cannihelp.com.au/,,info@cannihelp.com.au,https://strainwise.app/dispensary/a81f698e-7ce4-485e-aa95-10b31fc0f4fd
"PlantMed",Australia,"Brisbane",https://plantmed.net.au/,,info@plantmed.net.au,https://strainwise.app/dispensary/4dae6645-ef0b-4aac-9d0b-76db8029491c
"CannaHelp",Australia,"Canberra",https://cannihelp.com.au/,,info@cannihelp.com.au,https://strainwise.app/dispensary/cc6056ae-e14c-45ab-9e5b-bff2a33e4ea6
"MOCA Health",Australia,"Brisbane",https://www.mocahealth.com.au/,,wellness@mocahealth.com.au,https://strainwise.app/dispensary/bee2787c-d0a5-4de8-92f0-5a8b58110468
"Green Life Clinics & Dispensary",Australia,"Brisbane",https://greenlifeclinics.com.au/locations/brisbane/,,banner-1@2x.webp,https://strainwise.app/dispensary/629fd307-2a44-453d-ae8c-9ac951c8ae9d
"CannaFind",Australia,"Brisbane",https://www.cannafind.com.au/,,hello@cannafind.com.au,https://strainwise.app/dispensary/728e0366-525e-49b2-9da4-528589329d72
"Medicinal Organic Cannabis Australia (MOCA)",Australia,"Brisbane",https://www.medicinalorganiccannabis.org/,,wellness@mocahealth.com.au,https://strainwise.app/dispensary/426d5224-fda1-4b90-8871-551b517ba3b1
"CannaLink",Australia,"Brisbane",https://www.cannalinkclinic.com.au/,,intl-segmenter@11.7.10,https://strainwise.app/dispensary/0f7bbbf9-64bb-4158-b308-509c3cc2ce7c
"Herbly",Australia,"Brisbane",https://herbly.com.au/,,care@herbly.com.au,https://strainwise.app/dispensary/ed6f6026-1278-4d3a-93d6-1fae25fbe23b
"Canna Reviews",Australia,"Brisbane",https://cannareviews.health/,,focus@3.x.x,https://strainwise.app/dispensary/63e8ace0-0c9a-4bfe-b1de-7149be402a35
"IvyMed Clinic (Hampstead Health)",Australia,"Adelaide",https://hampsteadhealth.com.au/medicinal-cannabis-clinic/,,contact@digitaloneagency.com.au,https://strainwise.app/dispensary/5b5f378f-1ce7-4423-ba76-b03e8fc90abd
"CanniHelp",Australia,"Adelaide",https://cannihelp.com.au/,1800 044 357,info@cannihelp.com.au,https://strainwise.app/dispensary/eacb422a-b13e-429f-a482-1e93bb342cc8
"Cannalink",Australia,"Adelaide",https://www.cannalinkclinic.com.au/,1300 082 368,intl-segmenter@11.7.10,https://strainwise.app/dispensary/8b400b38-08a2-4eb1-b530-46aa4b4ad2cf
"Polln (Dr. Joel Wren)",Australia,"Adelaide",https://www.polln.com/practitioners/dr-joel-wren,,hello@polln.com,https://strainwise.app/dispensary/d23b1aa9-4aac-4e8d-b1c3-78db256c2e14
"Cann Compounding",Australia,"Adelaide",https://www.canncompounding.com.au/,,glynde@canncompounding.com.au,https://strainwise.app/dispensary/a89e1faf-14a6-4f60-9cb5-ee1525dd42cf
"IvyMed Clinic",Australia,"Adelaide",https://www.ivymedclinic.com.au/,,info@ivymedclinic.com.au,https://strainwise.app/dispensary/4a3ef1bd-4bad-48b5-86d9-8241337a2828
"Green Life Clinics",Australia,"Gold Coast",https://greenlifeclinics.com.au/locations/robina/,,enquiries@greenlifeclinics.com.au,https://strainwise.app/dispensary/e50815cb-f2e3-4bb6-bdc3-2821ee6b8c86
"Polln",Australia,"Gold Coast",https://www.polln.com/,,hello@polln.com,https://strainwise.app/dispensary/19bfd5d0-a971-4870-bd33-2465e8e01309
"Cannadoc",Australia,"Gold Coast",https://cannadoc.com.au/cannadoc-gold-coast-services/,,info@cannadoc.com.au,https://strainwise.app/dispensary/35128060-6378-4b4a-92b8-1c7a5d6da273
"Rise Dispensary",Australia,"Gold Coast",https://risedispensary.com.au/,,info@risedispensary.com.au,https://strainwise.app/dispensary/ad2ca605-7505-4aac-9672-3b0f5fc6413d
"Cann I Help",Australia,"Gold Coast",https://www.cannihelp.com.au/,,info@cannihelp.com.au,https://strainwise.app/dispensary/5ea4efb5-5192-44c7-a40a-3447138bfa55
"Releaf Clinics",Australia,"Gold Coast",https://www.releaf.com.au/locations,,slick-carousel@1.8.1,https://strainwise.app/dispensary/2f278c16-83d3-4010-9f85-75caf1361789
"CanniHelp",Australia,"Gold Coast",https://www.cannihelp.com.au/,,info@cannihelp.com.au,https://strainwise.app/dispensary/80a8f6e2-efc5-4dbd-b913-fbf9fae0a444
"Dispensed",Australia,"Gold Coast",https://www.dispensed.com.au/,,support@dispensed.com.au,https://strainwise.app/dispensary/da36b6a3-9043-41fc-8495-8f7b5ae3de09
"MOCA Health",Australia,"Canberra",https://www.mocahealth.com.au/,+61 2 8324 1382,wellness@mocahealth.com.au,https://strainwise.app/dispensary/bf17a2d3-f90d-4ac9-9958-dbba9c5ace14
"Healing Leaves Clinic",Australia,"Canberra",https://www.healingleaves.com.au/regions/act,,info@hlclinics.com.au,https://strainwise.app/dispensary/e46a7ae4-312a-4558-9beb-daa8025c8c1c
"Polln",Australia,"Canberra",https://www.polln.com/,,hello@polln.com,https://strainwise.app/dispensary/a2e0219b-754d-40df-ba82-e0fc53740320
"Polln",Australia,"Hobart",https://www.polln.com/,,hello@polln.com,https://strainwise.app/dispensary/95077e3d-5422-4d1a-9ac2-7bb9e3573e06
"MedWest Medical Dispensary",Australia,"Hobart",https://www.medwestmedical.com.au/,,admin@medwestmedical.com.au,https://strainwise.app/dispensary/219c1b03-40a2-4312-9327-9eb377cb2676
"CannaHelp",Australia,"Hobart",https://cannihelp.com.au/,,info@cannihelp.com.au,https://strainwise.app/dispensary/3ee15796-8802-40c0-ba50-a0d4947362a1
"Healing Leaves Clinic",Australia,"Hobart",https://www.healingleaves.com.au/regions/tasmania,,info@hlclinics.com.au,https://strainwise.app/dispensary/0060f594-cc00-4e6f-b09f-8e5a05eb7f10
"Cannalink",Australia,"Hobart",https://www.cannalinkclinic.com.au/,,intl-segmenter@11.7.10,https://strainwise.app/dispensary/9242e815-3c57-4fb4-b2e2-a176ae9687cf
"Dr Green",Thailand,"Bangkok",https://www.reddit.com/r/ThailandTourism/comments/1mcllbl/best_dispensary_in_bangkok/,,9f057df6115a4bb488c08ea12a835e6e@error-tracking.reddit.com,https://strainwise.app/dispensary/27ee4575-be1c-4a57-bed2-691526584762
"Four Twenty Asoke",Thailand,"Bangkok",https://www.reddit.com/r/ThailandTourism/comments/1mcllbl/best_dispensary_in_bangkok/,,9f057df6115a4bb488c08ea12a835e6e@error-tracking.reddit.com,https://strainwise.app/dispensary/58f69c5d-aa69-4105-b9c2-ca580ae0a08f
"MedMen Bangkok",Thailand,"Bangkok",https://medmenthailand.com/,,info@medmenthailand.com,https://strainwise.app/dispensary/a224c199-bb97-4e70-af4f-110df03df9f8
"CANABANGKA",Thailand,"Bangkok",https://www.bangkokcannabisfarm.com/,,intl-segmenter@11.7.10,https://strainwise.app/dispensary/8a13987f-7ead-4f12-af2d-548315d15ffd
"He Clinic",Thailand,"Bangkok",https://heclinics.com/medical-cannabis-clinic-in-bangkok-at-he-clinic/,,info@heclinics.com,https://strainwise.app/dispensary/ad537929-c792-411a-a94e-99695451c1b1
"WeedHub Shop",Thailand,"Bangkok",https://www.thethaiger.com,,info@thethaiger.com,https://strainwise.app/dispensary/164773c8-567f-4a55-b804-9a838f1e8229
"Wonderland Clinic",Thailand,"Bangkok",https://wonderlandclinics.com/,,info@wonderlandclinics.com,https://strainwise.app/dispensary/6082fbd0-3459-4ebd-8423-35048e84c43a
"My Thai Doctor",Thailand,"Chiang Mai",https://mythaidoctor.com/chiang-mai/,,info@prikpot.co.th,https://strainwise.app/dispensary/ecde325f-3e74-47da-9df9-fb167d8541bf
"The OT Dispensary",Thailand,"Chiang Mai",https://otdispensary.com/,,admin@otdispensary.com,https://strainwise.app/dispensary/abe416c6-6cb4-4bd5-baea-faeb002c099a
"Haze Buds",Thailand,"Chiang Mai",https://hazebudscnx.com/,,services.crgroup@gmail.com,https://strainwise.app/dispensary/1d1d81fb-7018-41e8-b080-a949072d205b
"Ganja House Phuket",Thailand,"Phuket",https://www.reddit.com/r/phuket/comments/13rk2fc/best_weed_dispensary_in_phuket/,,9f057df6115a4bb488c08ea12a835e6e@error-tracking.reddit.com,https://strainwise.app/dispensary/b66e78d5-3c4b-4485-a6b4-4d86d36f24e6
"Greenhead Clinic",Thailand,"Phuket",https://greenheadclinic.com/en/aboutus.php,,info@greenheadclinic.com,https://strainwise.app/dispensary/d218e79f-38ca-48fc-82b5-42c3ceeb52f5
"My Green Medical",Australia,"Perth",https://mygreenmedical.com.au/,+61 8 6117 5077,reception@mygreenmedical.com.au,https://strainwise.app/dispensary/61150ff8-8895-475d-b99f-65976cf9c182
"Alternaleaf",Australia,"Sydney",https://www.alternaleaf.com.au/,+61 2 8317 3946,info@alternaleaf.com.au,https://strainwise.app/dispensary/0d00024d-e692-46ad-b5f1-0c2dc60be872
"Medika Health",Australia,"Sydney",https://medikahealth.com.au/,+61 1300 929 232,info@medikahealth.com.au,https://strainwise.app/dispensary/2123ddd9-4d42-444b-8073-98d0ff4cd6c4
"Greencare",Australia,"Sydney",https://greencare.com.au/,+61 1300 473 362,hello@greencare.com.au,https://strainwise.app/dispensary/8e2182a7-d5a0-4920-b32c-8235746de334
"Alternaleaf",Australia,"Melbourne",https://www.alternaleaf.com.au/,+61 3 9056 7575,info@alternaleaf.com.au,https://strainwise.app/dispensary/f527b2ea-a641-484f-a660-b5c08fab7199
"My Green Medical",Australia,"Melbourne",https://mygreenmedical.com.au/,+61 1300 950 441,reception@mygreenmedical.com.au,https://strainwise.app/dispensary/2ec1ae28-34cd-46df-a4f0-03fc252f092a
"Trava Health",Australia,"Melbourne",https://travahealth.com.au/,+61 3 9000 0440,admin@travahealth.com.au,https://strainwise.app/dispensary/42405683-bee6-46da-95e5-de4188a81dfc
"My Green Medical",Australia,"Brisbane",https://mygreenmedical.com.au/,+61 7 3367 0834,reception@mygreenmedical.com.au,https://strainwise.app/dispensary/e16e15bb-28d7-4310-88d3-24b998c71fcf
"Alternaleaf",Australia,"Adelaide",https://www.alternaleaf.com.au/,+61 1800 420 320,info@alternaleaf.com.au,https://strainwise.app/dispensary/0c6e2ec8-3496-4fd2-b1dc-661420e951f5
"My Green Medical",Australia,"Adelaide",https://mygreenmedical.com.au/,+61 8 8354 6653,reception@mygreenmedical.com.au,https://strainwise.app/dispensary/9320c792-a32c-406c-9d2a-7a993e5a78dd
"Capital Chemist Charnwood",Australia,"Canberra",https://www.capitalchemist.com.au/,+61 2 6258 7322,bootstrap@4.5.3,https://strainwise.app/dispensary/d6a71e57-3454-4704-a408-6fae10aef18f
"Capital Chemist Centrepoint",Australia,"Hobart",https://www.capitalchemist.com.au/,+61 3 6231 0099,bootstrap@4.5.3,https://strainwise.app/dispensary/a105f421-d5cf-4912-bad8-72ab54ab390b
"My Life Medical",Australia,"Perth",https://mylifemedical.com.au/,+61 8 6162 4888,intl-segmenter@11.7.10,https://strainwise.app/dispensary/0718ac6d-1cc1-406b-b05d-c2922113e6af
"Greencare Clinics",Australia,"Sydney",https://greencare.com.au/,+61 1300 473 362,hello@greencare.com.au,https://strainwise.app/dispensary/72e5e1d4-d4ea-41bc-a590-029f5723745c
"My Green Medical",Australia,"Sydney",https://mygreenmedical.com.au/,+61 2 8317 3913,reception@mygreenmedical.com.au,https://strainwise.app/dispensary/55d742dc-a493-4f4b-b140-1bc4ef39b92d
"Alternaleaf",Australia,"Melbourne",https://www.alternaleaf.com.au/,+61 3 9052 4422,info@alternaleaf.com.au,https://strainwise.app/dispensary/72b9772a-2b5b-4702-8672-23586e097f2f
"My Green Medical",Australia,"Melbourne",https://www.mygreenmedical.com.au/,+61 1300 473 366,reception@mygreenmedical.com.au,https://strainwise.app/dispensary/8a5e75b0-4a58-4545-a5e1-8e135dc61f99
"Greencare Clinics",Australia,"Brisbane",https://greencare.com.au/,+61 1300 473 362,hello@greencare.com.au,https://strainwise.app/dispensary/fabb417a-0a0a-48b8-850b-4c925b8445fa
"Alternaleaf",Australia,"Adelaide",https://www.alternaleaf.com.au/,+61 1300 013 443,info@alternaleaf.com.au,https://strainwise.app/dispensary/e410cdd1-f575-4385-b226-3739a1e52e7f
"Cannihelp",Australia,"Adelaide",https://cannihelp.com.au/,+61 1800 874 357,info@cannihelp.com.au,https://strainwise.app/dispensary/b997391f-3455-4667-aff1-791894df390a
"My Green Medical",Australia,"Gold Coast",https://www.mygreenmedical.com.au/,+61 7 5689 1344,reception@mygreenmedical.com.au,https://strainwise.app/dispensary/d77c709d-fe6d-4c75-b6af-e57df0121e74
"My Green Medical",Australia,"Canberra",https://mygreenmedical.com.au/,+61 2 5104 0555,reception@mygreenmedical.com.au,https://strainwise.app/dispensary/9b7b3528-3517-47f9-96a2-e86931f7d4e1
"Alternaleaf",Australia,"Canberra",https://www.alternaleaf.com.au/,1300 142 023,info@alternaleaf.com.au,https://strainwise.app/dispensary/99dd1840-2c9e-4bf6-b77c-2f3ef0c376ab
"MedWest Medical Dispensary",Australia,"Perth",https://www.medwestmedical.com.au/,,admin@medwestmedical.com.au,https://strainwise.app/dispensary/3e9f9328-cd61-4c06-b96c-4152b4c81edf
"MediCann Clinics",Australia,"Perth",https://www.medicannclinics.com.au/,08 9560 5420,info@medicannclinics.com.au,https://strainwise.app/dispensary/283742ee-6799-415f-ac52-1eb4c8a3cbd1
"Cannabloom Melbourne",Australia,"Melbourne",https://cannabloom.com.au/,,info@cannabloom.com.au,https://strainwise.app/dispensary/d78c8b43-a533-4835-8fd0-9efaf500b9b8
"CBD & Cannabis Clinic Brunswick East",Australia,"Melbourne",https://www.innernorthmedical.com.au/plant-based-medicine-clinic-brunswick-east,,clinic@innernorthmedical.com.au,https://strainwise.app/dispensary/18d60c35-0c89-490b-a8e2-a60db88bb48c
"Florae Dispensary",Australia,"Sydney",https://www.floraedispensary.com/,,info@floraedispensary.com,https://strainwise.app/dispensary/1881fc04-a8d1-4121-bee9-de9bca005643
"Queensland Progressive Health",Australia,"Brisbane",https://www.qldprogressivehealth.com/alternative-medicine-dispensary-brisbane,,intl-segmenter@11.7.10,https://strainwise.app/dispensary/442c5135-3c1b-4d68-a140-25a63b5c78f9
"North Lakes Dispensary",Australia,"Brisbane",https://herbly.com.au/pages/north-lakes-dispensary?srsltid=AfmBOopRx2zwr9WSFfondhyZ0IMuvRGMjUaJbngMWpNOdiJzqi74vO-7,1300 225 300,care@herbly.com.au,https://strainwise.app/dispensary/95affc39-0873-4fda-96e2-dd7b887e8967
"Polln",Australia,"Canberra",https://www.polln.com/locations/canberra,,hello@polln.com,https://strainwise.app/dispensary/e918ef9a-3482-4562-916e-4007c9286146
"Hibiscus Day & Night Pharmacy",Australia,"Darwin",https://www.hibiscuspharmacy.com.au/services/prescriptions/medicinal-cannabis,,quill@2.0.2,https://strainwise.app/dispensary/dbe1e357-8c11-4ac7-a275-52413798ac5d
"Alternaleaf Australia",Australia,"Perth",https://www.alternaleaf.com.au/,,info@alternaleaf.com.au,https://strainwise.app/dispensary/959f8f28-22b7-45c7-a14c-a0864b96a768
"Naturaleaf Clinic - Your Doctors Leichhardt",Australia,"Sydney",https://www.naturaleafclinic.com.au/,(02) 9550 0288,intl-segmenter@11.7.10,https://strainwise.app/dispensary/c7395919-a108-4d94-a556-2879e8cd7532
"Inner North Medical Clinic (INMC)",Australia,"Melbourne",https://www.innernorthmedical.com.au/plant-based-medicine-clinic-brunswick-east,,clinic@innernorthmedical.com.au,https://strainwise.app/dispensary/fe289bc0-260c-4951-9670-f1a5b7d53f3b
"Alternative Medicine Dispensary",Australia,"Brisbane",https://www.qldprogressivehealth.com/alternative-medicine-dispensary-brisbane,(07) 3162 6187,intl-segmenter@11.7.10,https://strainwise.app/dispensary/c991aedf-02ca-4dbf-95c0-1fc97172c6f8
"Myleaf",Australia,"Brisbane",https://myleaf.com.au/,,jquery.marquee@1.6.0,https://strainwise.app/dispensary/987881ec-4234-457f-b95e-bafb6719dedc
"CannaFind",Australia,"Adelaide",https://www.cannafind.com.au/,,hello@cannafind.com.au,https://strainwise.app/dispensary/63cd122b-1c2f-44ab-9f35-cb12dc15f247
"Burleigh Heads Cannabis",Australia,"Gold Coast",https://www.burleighheadscannabis.com/,,intl-segmenter@11.7.10,https://strainwise.app/dispensary/cc7a65a2-7bcf-43ae-9f7b-7a1d3023f612
"Cannalink",Australia,"Canberra",https://www.cannalinkclinic.com.au/,,intl-segmenter@11.7.10,https://strainwise.app/dispensary/1ae0c73e-4eda-4385-9676-3fb75aadd0a5
"Cannabis Doctors Tasmania",Australia,"Hobart",https://cannabisdoctorstasmania.com.au/,,team@latofonts.com,https://strainwise.app/dispensary/c61b327d-a3fc-4897-bae7-087b977c3d14
"High Thai Weed Co",Thailand,"Bangkok",https://www.reddit.com/r/ThailandTourism/comments/1mcllbl/best_dispensary_in_bangkok/,,9f057df6115a4bb488c08ea12a835e6e@error-tracking.reddit.com,https://strainwise.app/dispensary/57fb40b3-d594-4d82-bad9-b17bcb249f35
"Wonderland Bangkok",Thailand,"Bangkok",https://wonderlandbangkok.com/,,info@wonderlandbangkok.com,https://strainwise.app/dispensary/70f00d0b-4040-4757-8645-66ed06ba862c
"Space Trees Thailand",Thailand,"Chiang Mai",https://spacetreesthailand.com/,,spacetrees.th@gmail.com,https://strainwise.app/dispensary/68ceedd3-9354-4da9-879f-b25ab0e4d162
"Ingjai Mental Health Clinic",Thailand,"Chiang Mai",https://ingjaiclinic.com/cannabis-oils/,,ingjaiclinic@gmail.com,https://strainwise.app/dispensary/518480d3-0991-4731-b956-e5ef6fd7a02b
"Alternaleaf",Australia,"Perth",https://www.alternaleaf.com.au/,+61 1300 420 820,info@alternaleaf.com.au,https://strainwise.app/dispensary/ec06aef7-1499-48b1-8a85-6d91d377ab57
"My Green Medical",Australia,"Sydney",https://mygreenmedical.com.au/,+61 2 7209 5444,reception@mygreenmedical.com.au,https://strainwise.app/dispensary/f290e6f5-384a-4e62-a3b6-1a9b59336849
"Alternaleaf",Australia,"Brisbane",https://www.alternaleaf.com.au/,+61 7 3054 7555,info@alternaleaf.com.au,https://strainwise.app/dispensary/39c2ea60-1123-4771-be7f-0227d48c87b9
"My Green Medical",Australia,"Gold Coast",https://mygreenmedical.com.au/,+61 7 5627 1403,reception@mygreenmedical.com.au,https://strainwise.app/dispensary/e5a52e48-04bb-44ee-a5a2-9e60bc442aeb
"Alternaleaf",Australia,"Perth",https://www.alternaleaf.com.au/,+61 8 6117 5444,info@alternaleaf.com.au,https://strainwise.app/dispensary/18635719-1f62-44e3-b4dc-cacc260033e3
"Alternaleaf",Australia,"Sydney",https://www.alternaleaf.com.au/,+61 2 8317 3913,info@alternaleaf.com.au,https://strainwise.app/dispensary/e7de449c-38d2-41c7-9508-166812ed7827
"Alternaleaf",Australia,"Brisbane",https://www.alternaleaf.com.au/,+61 7 3188 6411,info@alternaleaf.com.au,https://strainwise.app/dispensary/6c82a443-69d6-4e5f-b6f1-8edc676131a9
"Greencare",Australia,"Adelaide",https://greencare.com.au/,+61 1300 473 362,hello@greencare.com.au,https://strainwise.app/dispensary/16564d24-e4a4-4456-aa4d-69013d096585
"WEED STAY Sukhumvit 42/1",Thailand,"Bangkok",https://weedstay.com/,+66 62 936 4442,gritty.book4926@agreedmail.com,https://strainwise.app/dispensary/8c557134-1204-4c78-987b-d159ce1ea59c
"Phuket Cannabis",Thailand,"Phuket",https://phuketcannabis.com/,+66 93 580 8975,fancybox@3.5.7,https://strainwise.app/dispensary/a6402146-82dd-4b4f-a865-500adb1f0a13